target,variables,final_expression,mse
x1,['b11'],0.72835857/(2.7001016 -0.32655865*b11),9.804256e-11
